City_ID,City,Lat,Lng,Max Temp,Humidity,Cloudiness,Wind Speed,Country,Date
0,marzuq,14.4,46.4667,21.39,72,6,2.48,YE,1681518890
1,mbandaka,0.0487,18.2603,22.01,95,100,0.98,CD,1681518890
2,kapaa,22.0752,-159.319,26.18,71,75,6.17,US,1681518516
3,bengkulu,-3.8004,102.2655,26.36,77,73,1.71,ID,1681518891
4,hobart,-42.8794,147.3294,16.81,76,75,2.06,AU,1681518601
5,qaanaaq,77.484,-69.3632,-14.45,73,72,2.0,GL,1681518891
6,abu dhabi,24.4667,54.3667,26.64,65,0,4.12,AE,1681518601
7,oranjemund,-28.55,16.4333,15.0,66,0,5.75,NA,1681518892
8,rikitea,-23.1203,-134.9692,25.88,72,22,4.31,PF,1681518512
9,iqaluit,63.7506,-68.5145,-10.15,85,75,9.26,CA,1681518893
10,troyes,48.3333,4.0833,9.03,81,100,2.57,FR,1681518893
11,ferme-neuve,46.7001,-75.4493,8.44,94,2,1.94,CA,1681518893
12,mogadishu,2.0371,45.3438,27.81,68,94,4.54,SO,1681518893
13,jamestown,42.097,-79.2353,21.8,33,0,4.63,US,1681518515
14,mar del plata,-38.0023,-57.5575,12.19,82,74,1.03,AR,1681518427
15,morganton,35.7454,-81.6848,17.04,92,55,0.45,US,1681518737
16,east london,-33.0153,27.9116,15.7,62,23,7.22,ZA,1681518549
17,busselton,-33.65,115.3333,16.89,59,95,2.83,AU,1681518895
18,ushuaia,-54.8,-68.3,3.81,70,0,4.63,AR,1681518518
19,chenzhou,25.8,113.0333,20.09,68,37,2.72,CN,1681518896
20,bluff,-46.6,168.3333,14.62,68,1,1.74,NZ,1681518531
21,port alfred,-33.5906,26.891,13.43,77,48,2.68,ZA,1681518523
22,anderson,34.5334,-82.6499,17.49,97,100,0.0,US,1681518812
23,albany,42.6001,-73.9662,24.21,46,86,1.34,US,1681518335
24,tiksi,71.6872,128.8694,-9.43,88,26,1.81,RU,1681518540
25,eureka,40.8021,-124.1637,19.3,77,93,3.13,US,1681518844
26,walvis bay,-22.9575,14.5053,15.05,84,3,1.95,NA,1681518898
27,mataura,-46.1927,168.8643,16.8,56,2,1.55,NZ,1681518536
28,saskylakh,71.9167,114.0833,-6.5,91,57,7.79,RU,1681518527
29,nikolskoye,59.7035,30.7861,1.0,58,100,3.53,RU,1681518525
30,tucuman,-26.8241,-65.2226,15.0,94,100,1.03,AR,1681518622
31,kayes,14.0,-11.0,33.3,15,44,2.95,ML,1681518900
32,lavrentiya,65.5833,-171.0,-14.52,76,5,4.6,RU,1681518569
33,visnes,59.3556,5.2242,5.68,87,95,1.54,NO,1681518901
34,jalu,29.0331,21.5482,21.04,12,0,4.04,LY,1681518599
35,brae,60.3964,-1.353,7.09,85,6,7.65,GB,1681518653
36,nevelsk,46.6733,141.8633,1.44,53,3,2.72,RU,1681518732
37,sobreira,41.5237,-7.8023,7.68,96,98,1.13,PT,1681518905
38,barrow,71.2906,-156.7887,-18.99,78,0,4.12,US,1681518535
39,punta arenas,-53.15,-70.9167,5.06,75,75,4.12,CL,1681518522
40,cukai,4.25,103.4167,25.97,75,97,1.11,MY,1681518908
41,castro,-24.7911,-50.0119,15.63,98,27,0.71,BR,1681518509
42,juan lacaze,-34.4342,-57.4381,12.29,87,5,3.53,UY,1681518625
43,bredasdorp,-34.5322,20.0403,11.97,66,15,0.71,ZA,1681518528
44,cape town,-33.9258,18.4232,16.88,67,0,6.17,ZA,1681518436
45,vaini,-21.2,-175.2,30.09,74,75,6.69,TO,1681518527
46,longyearbyen,78.2186,15.6401,0.91,86,20,0.51,SJ,1681518527
47,dikson,73.5069,80.5464,-20.0,97,100,5.88,RU,1681518529
48,fortuna,40.5982,-124.1573,13.85,72,35,1.34,US,1681518521
49,bowen,-20.0167,148.2333,27.1,67,93,3.67,AU,1681518564
50,graham,47.0529,-122.2943,14.52,51,0,2.68,US,1681518912
51,hilo,19.7297,-155.09,26.85,68,0,6.17,US,1681518401
52,mount isa,-20.7333,139.5,27.87,51,26,2.06,AU,1681518912
53,mahebourg,-20.4081,57.7,25.14,94,40,1.54,MU,1681518529
54,tunduma,-9.3,32.7667,13.71,98,99,1.46,TZ,1681518913
55,nagua,19.3832,-69.8474,23.81,87,7,2.97,DO,1681518915
56,baherden,38.4362,57.4316,16.39,40,66,0.39,TM,1681518917
57,bosaso,11.2842,49.1816,28.48,66,20,2.15,SO,1681518918
58,provideniya,64.3833,-173.3,-11.01,69,0,2.37,RU,1681518535
59,new norfolk,-42.7826,147.0587,16.62,75,88,0.45,AU,1681518520
60,airai,-8.9266,125.4092,21.04,70,100,0.88,TL,1681518649
61,puerto ayora,-0.7393,-90.3518,28.08,89,87,0.89,EC,1681518307
62,nanortalik,60.1432,-45.2371,1.22,80,100,1.98,GL,1681518559
63,khatanga,71.9667,102.5,-12.18,95,99,7.15,RU,1681518556
64,atuona,-9.8,-139.0333,26.67,70,11,1.9,PF,1681518526
65,senneterre,48.3835,-77.2328,2.62,92,4,2.49,CA,1681518738
66,ilulissat,69.2167,-51.1,-2.99,93,33,2.06,GL,1681518532
67,avera,33.194,-82.5271,20.03,75,69,3.14,US,1681518591
68,necochea,-38.5473,-58.7368,11.07,66,81,1.98,AR,1681518542
69,esperance,-33.8667,121.9,15.04,67,98,9.1,AU,1681518557
70,dunedin,-45.8742,170.5036,16.0,64,3,6.26,NZ,1681518517
71,torbay,47.6666,-52.7314,2.54,88,100,7.2,CA,1681518531
72,tasiilaq,65.6145,-37.6368,0.09,82,47,1.97,GL,1681518512
73,praia da vitoria,38.7333,-27.0667,17.64,88,20,8.0,PT,1681518926
74,butaritari,3.0707,172.7902,27.49,79,53,3.87,KI,1681518544
75,kirakira,-10.4544,161.9205,28.28,79,100,13.61,SB,1681518608
76,agadir,30.4202,-9.5982,15.25,70,0,2.4,MA,1681518928
77,thompson,55.7435,-97.8558,6.09,45,75,2.06,CA,1681518575
78,kavaratti,10.5669,72.642,28.74,75,93,2.71,IN,1681518591
79,arraial do cabo,-22.9661,-42.0278,22.9,93,83,2.81,BR,1681518584
80,benghazi,32.1167,20.0667,16.91,82,100,7.09,LY,1681518930
81,upernavik,72.7868,-56.1549,-13.64,98,74,4.25,GL,1681518524
82,vostok,46.4856,135.8833,5.33,41,44,0.64,RU,1681518934
83,bethel,41.3712,-73.414,26.05,43,0,3.6,US,1681518549
84,uvira,-3.4067,29.1458,22.16,87,100,1.56,CD,1681518937
85,aykhal,66.0,111.5,-4.0,87,99,12.24,RU,1681518799
86,gallup,35.5281,-108.7426,12.42,34,40,6.17,US,1681518825
87,port macquarie,-31.4333,152.9167,22.16,53,100,1.73,AU,1681518938
88,aitape,-3.1374,142.3475,29.69,69,100,3.48,PG,1681518938
89,ponta do sol,32.6667,-17.1,17.35,75,1,2.92,PT,1681518562
90,neiafu,-18.65,-173.9833,30.38,66,40,5.14,TO,1681518939
91,rio grande,-32.035,-52.0986,16.06,66,13,4.52,BR,1681518539
92,the pas,53.8251,-101.2541,8.01,57,0,4.63,CA,1681518940
93,rovaniemi,66.5,25.7167,-2.33,39,0,3.09,FI,1681518940
94,severo-kurilsk,50.6789,156.125,1.55,99,100,4.78,RU,1681518532
95,ancud,-41.8697,-73.8203,9.13,85,2,2.22,CL,1681518572
96,broome,42.2506,-75.833,22.6,47,100,0.45,US,1681518651
97,kashi,39.4547,75.9797,16.56,20,8,4.0,CN,1681518941
98,lompoc,34.6391,-120.4579,17.61,71,75,5.14,US,1681518552
99,honiara,-9.4333,159.95,25.77,93,100,4.5,SB,1681518942
100,lebu,-37.6167,-73.65,12.04,84,1,6.93,CL,1681518538
101,hithadhoo,-0.6,73.0833,28.74,69,73,4.07,MV,1681518543
102,bayshore gardens,27.4253,-82.5904,26.1,72,0,2.06,US,1681518943
103,nuevo casas grandes,30.4167,-107.9167,18.83,22,0,9.33,MX,1681518944
104,mocuba,-16.8392,36.9856,20.63,98,9,1.11,MZ,1681518944
105,yellowknife,62.456,-114.3525,1.29,69,40,5.14,CA,1681518539
106,yar-sale,66.8333,70.8333,-8.37,96,100,2.82,RU,1681518945
107,zaysan,47.4667,84.8667,10.03,48,100,0.65,KZ,1681518945
108,susanville,40.4163,-120.653,14.91,18,0,5.14,US,1681518946
109,waipawa,-41.4122,175.5153,14.68,66,50,5.54,NZ,1681518946
110,zheleznodorozhnyy,55.7503,38.0042,1.31,46,100,4.54,RU,1681518946
111,bambous virieux,-20.3428,57.7575,25.12,94,40,1.54,MU,1681518947
112,chaihe,44.7667,129.7,7.01,39,100,0.77,CN,1681518947
113,saint-georges,12.0564,-61.7485,26.82,78,20,7.72,GD,1681518947
114,stokmarknes,68.5646,14.9108,5.98,48,17,3.09,NO,1681518948
115,naze,28.3667,129.4833,21.51,91,62,6.61,JP,1681518645
116,halifax,44.6453,-63.5724,9.0,64,4,3.6,CA,1681518726
117,cidreira,-30.1811,-50.2056,19.66,71,100,4.26,BR,1681518532
118,fairbanks,64.8378,-147.7164,3.0,42,40,5.66,US,1681518463
119,ushtobe,45.2514,77.9838,19.69,30,100,2.82,KZ,1681518949
120,chuy,-33.6971,-53.4616,12.32,71,17,3.06,UY,1681518517
121,pevek,69.7008,170.3133,-12.91,76,67,6.28,RU,1681518574
122,itoman,26.1247,127.6694,24.43,98,75,5.66,JP,1681518951
123,lac du bonnet,50.2536,-96.0612,1.57,97,100,3.63,CA,1681518951
124,pitkyaranta,61.5734,31.4792,-4.34,90,94,4.2,RU,1681518951
125,young,-32.6833,-57.6333,11.8,63,61,3.44,UY,1681518952
126,ngama,11.7833,17.1667,28.67,16,97,3.29,TD,1681518952
127,sangar,63.9242,127.4739,-5.69,81,100,0.17,RU,1681518952
128,rafraf,37.1904,10.1837,13.17,69,100,3.79,TN,1681518953
129,ixtapa,20.7,-105.2,25.57,69,75,5.66,MX,1681518954
130,maragogi,-9.0122,-35.2225,25.55,82,42,2.43,BR,1681518954
131,avarua,-21.2078,-159.775,27.03,61,100,2.57,CK,1681518519
132,blagodatnoye,45.3997,42.5867,9.51,81,100,9.13,RU,1681518955
133,tooele,40.5308,-112.2983,8.36,38,100,1.34,US,1681518955
134,kavieng,-2.5744,150.7967,28.63,76,100,3.59,PG,1681518523
135,gat,31.61,34.7642,17.44,62,100,2.25,IL,1681518641
136,opochka,56.7105,28.6617,4.54,63,100,3.89,RU,1681518956
137,vanimo,-2.6741,141.3028,29.63,68,100,3.05,PG,1681518957
138,kaitangata,-46.2817,169.8464,16.63,69,4,3.13,NZ,1681518563
139,ukiah,39.1502,-123.2078,20.94,45,0,2.24,US,1681518791
140,vila velha,-20.3297,-40.2925,26.97,88,75,4.63,BR,1681518645
141,mabaruma,8.2,-59.7833,23.95,89,23,1.22,GY,1681518958
142,clyde river,70.4692,-68.5914,-14.87,78,100,4.12,CA,1681518567
143,ketchikan,55.3422,-131.6461,7.26,70,100,7.72,US,1681518571
144,stawell,-37.05,142.7667,14.06,90,100,6.68,AU,1681518959
145,victoria,22.2855,114.1577,26.35,87,17,1.34,HK,1681518474
146,kununurra,-15.7667,128.7333,28.99,79,89,2.57,AU,1681518376
147,sisimiut,66.9395,-53.6735,-4.67,76,13,4.36,GL,1681518547
148,manokwari,-0.8667,134.0833,28.13,69,100,1.92,ID,1681518402
149,cherskiy,68.75,161.3,-6.61,72,42,6.95,RU,1681518609
150,belgrade,44.804,20.4651,7.35,93,0,0.0,RS,1681518961
151,asau,46.4333,26.4,8.51,91,99,1.19,RO,1681518961
152,kruisfontein,-34.0033,24.7314,12.71,69,5,4.54,ZA,1681518552
153,zhanaozen,43.3,52.8,9.88,78,100,4.82,KZ,1681518962
154,bongandanga,1.5,21.05,20.56,97,100,1.0,CD,1681518962
155,great yarmouth,52.6083,1.7305,8.34,93,100,4.06,GB,1681518963
156,aksu,41.1231,80.2644,15.58,23,100,1.03,CN,1681518964
157,narsaq,60.9167,-46.05,5.12,59,100,5.71,GL,1681518523
158,souillac,-20.5167,57.5167,24.21,94,40,1.54,MU,1681518557
159,kodiak,57.79,-152.4072,2.73,52,100,5.66,US,1681518541
160,tuktoyaktuk,69.4541,-133.0374,-17.0,85,20,5.66,CA,1681518513
161,dingle,10.9995,122.6711,28.25,71,45,0.98,PH,1681518566
162,isangel,-19.55,169.2667,27.06,94,100,1.54,VU,1681518513
163,oruro,-17.9833,-67.15,11.15,22,34,3.19,BO,1681518966
164,vila franca do campo,37.7167,-25.4333,17.23,85,97,4.39,PT,1681518565
165,lensk,60.7253,114.9278,-0.49,65,7,1.87,RU,1681518967
166,presidente medici,-11.1753,-61.9014,23.73,95,100,1.05,BR,1681518968
167,aklavik,68.2191,-135.0107,-12.16,86,100,4.05,CA,1681518594
168,khani,41.9563,42.9566,3.76,82,79,2.17,GE,1681518968
169,georgetown,5.4112,100.3354,27.97,89,40,1.54,MY,1681518399
170,itanhandu,-22.2958,-44.9347,18.22,97,98,1.25,BR,1681518969
171,hasaki,35.7333,140.8333,16.79,74,100,4.85,JP,1681518548
172,gwembe,-16.4975,27.6069,16.6,58,0,0.68,ZM,1681518970
173,guozhen,34.3659,107.359,19.24,33,6,2.05,CN,1681518972
174,katsuura,35.1333,140.3,14.01,90,100,1.06,JP,1681518660
175,andapa,-14.65,49.65,20.45,97,68,0.69,MG,1681518973
176,rio gallegos,-51.6226,-69.2181,7.03,49,0,4.12,AR,1681518593
177,comodoro rivadavia,-45.8667,-67.5,10.92,37,0,4.63,AR,1681518974
178,hermanus,-34.4187,19.2345,13.58,66,32,2.71,ZA,1681518516
179,saint-philippe,-21.3585,55.7679,24.77,73,35,2.88,RE,1681518526
180,sao joao dos patos,-6.495,-43.7022,23.46,78,100,1.54,BR,1681518871
181,paamiut,61.994,-49.6678,0.82,64,97,5.09,GL,1681518976
182,saint george,37.1041,-113.5841,20.24,15,0,9.77,US,1681518312
183,zwettl,48.6,15.1667,4.27,92,100,4.31,AT,1681518977
184,inirida,3.8653,-67.9239,25.56,84,100,0.44,CO,1681518978
185,khandbari,27.3747,87.2039,22.69,30,100,1.34,NP,1681518978
186,kroonstad,-27.6504,27.2349,9.22,44,44,2.89,ZA,1681518978
187,mutum,-19.8,-41.4383,22.41,95,100,1.22,BR,1681518979
188,gwadar,25.1216,62.3254,26.2,76,4,4.63,PK,1681518981
189,atar,20.5169,-13.0499,31.17,30,0,0.57,MR,1681518982
190,lata,40.1629,-8.3327,11.47,98,94,1.6,PT,1681518576
191,rupnagar,30.9664,76.5331,23.43,38,11,3.04,IN,1681518983
192,kahului,20.8947,-156.47,27.01,65,40,8.75,US,1681518529
193,rivera,-30.9053,-55.5508,13.31,58,0,3.92,UY,1681518727
194,fort smith,35.3859,-94.3986,27.02,36,20,3.09,US,1681518986
195,codrington,-38.2667,141.9667,15.78,89,100,7.9,AU,1681518584
196,chapais,49.7834,-74.8492,3.88,89,94,1.89,CA,1681518576
197,melfi,40.9965,15.6514,6.94,93,62,3.35,IT,1681518989
198,seoul,37.5683,126.9778,15.78,75,100,2.57,KR,1681518734
199,hobyo,5.3505,48.5268,28.59,74,100,4.78,SO,1681518989
200,san patricio,28.017,-97.5169,26.05,83,99,6.11,US,1681518568
201,cayenne,4.9333,-52.3333,24.02,94,20,1.03,GF,1681518565
202,havre-saint-pierre,50.2334,-63.5986,3.2,52,0,5.66,CA,1681518555
203,imeni babushkina,59.7573,43.1285,-4.78,70,0,1.61,RU,1681518991
204,henties bay,-22.116,14.2845,14.92,86,0,1.93,NA,1681518991
205,tuatapere,-46.1333,167.6833,19.61,54,0,0.91,NZ,1681518671
206,celestun,20.8667,-90.4,27.09,78,0,7.1,MX,1681518992
207,newton,42.337,-71.2092,20.69,66,0,4.63,US,1681518856
208,ribeira grande,38.5167,-28.7,17.65,91,98,10.73,PT,1681518544
209,lamar,33.6668,-95.5836,25.95,50,100,5.14,US,1681518994
210,zyryanka,65.75,150.85,-6.41,73,12,2.02,RU,1681518994
211,terney,45.0503,136.6092,5.18,57,2,3.12,RU,1681518995
212,ostersund,63.1792,14.6357,0.34,100,75,9.83,SE,1681518995
213,resistencia,-27.4606,-58.9839,20.03,86,40,1.03,AR,1681518995
214,balfour,-26.6633,28.5902,7.19,48,42,1.59,ZA,1681518996
215,wangou,42.0623,126.9127,7.44,70,100,1.68,CN,1681518996
216,axim,4.8699,-2.2405,26.5,89,100,2.27,GH,1681518619
217,oktyabrskoye,43.0645,44.7417,4.08,86,23,3.0,RU,1681518597
218,faya,18.3851,42.4509,14.29,61,0,1.04,SA,1681518515
219,beaverlodge,55.2166,-119.4361,8.64,42,11,1.83,CA,1681518998
220,saldanha,-33.0117,17.9442,13.03,74,14,6.91,ZA,1681518579
221,villacarrillo,38.1156,-3.0848,9.16,77,53,0.68,ES,1681518890
222,huarmey,-10.0681,-78.1522,25.09,81,94,4.93,PE,1681518999
223,barabai,-2.5833,115.3833,28.51,74,100,0.91,ID,1681518999
224,alta floresta,-9.8756,-56.0861,22.89,94,100,0.76,BR,1681518782
225,aconibe,1.2968,10.9369,18.39,97,100,0.36,GQ,1681519000
226,port elizabeth,-33.918,25.5701,14.62,69,0,4.12,ZA,1681518542
227,katangli,51.7102,143.2326,-1.3,78,100,4.65,RU,1681519000
228,sabha,27.0377,14.4283,21.01,14,0,3.23,LY,1681519001
229,qinhuangdao,39.9317,119.5883,13.56,18,0,5.54,CN,1681519001
230,darhan,49.4867,105.9228,2.1,35,49,3.38,MN,1681518597
231,ndola,-12.9587,28.6366,15.43,96,13,1.86,ZM,1681519002
232,bay roberts,47.5999,-53.2648,2.96,82,90,3.58,CA,1681519002
233,vao,-22.6667,167.4833,24.79,82,100,9.59,NC,1681519003
234,gizo,-8.103,156.8419,28.88,74,94,8.02,SB,1681519003
235,ostrovnoy,68.0531,39.5131,-1.39,69,6,6.3,RU,1681518622
236,rayong,12.8333,101.4333,31.83,80,66,5.03,TH,1681519004
237,mahibadhoo,3.7833,72.9667,28.14,74,13,2.2,MV,1681519004
238,puerto carreno,6.189,-67.4859,30.56,52,100,2.52,CO,1681519004
239,carnarvon,-24.8667,113.6333,16.94,47,0,10.44,AU,1681518514
240,muros,42.7762,-9.0603,11.72,93,93,0.9,ES,1681519005
241,san cristobal,7.7669,-72.225,22.1,94,100,1.03,VE,1681518641
242,mandera,3.9366,41.867,29.05,45,75,4.65,KE,1681518646
243,suoyarvi,62.0833,32.35,-6.52,96,100,2.24,RU,1681519006
244,komsomolskiy,40.4272,71.7189,20.4,45,81,6.17,UZ,1681518533
245,tomatlan,19.9333,-105.25,26.36,41,30,3.15,MX,1681519007
246,belokurikha,51.9959,84.9896,-3.39,96,100,2.67,RU,1681519007
247,laguna,38.421,-121.4238,22.18,37,0,1.54,US,1681519008
248,karratha,-20.7377,116.8463,24.6,35,9,8.93,AU,1681519008
249,vestmannaeyjar,63.4427,-20.2734,6.52,72,5,2.8,IS,1681518514
250,portland,45.5234,-122.6762,16.33,44,20,2.24,US,1681518297
251,chazuta,-6.5742,-76.1367,24.47,89,100,0.13,PE,1681519009
252,juba,4.8517,31.5825,24.54,63,12,1.26,SS,1681519010
253,viedma,-40.8135,-62.9967,14.47,38,100,3.88,AR,1681519010
254,terrace,54.5163,-128.6035,8.95,66,75,2.06,CA,1681519010
255,inuvik,68.3499,-133.7218,-13.58,66,75,4.12,CA,1681518528
256,luganville,-15.5333,167.1667,26.86,88,100,6.55,VU,1681519011
257,nang rong,14.6377,102.7914,30.89,46,99,2.7,TH,1681519011
258,qostanay,53.1667,63.5833,-4.84,50,0,9.0,KZ,1681519011
259,salym,60.0625,71.4789,-12.22,93,33,3.11,RU,1681518737
260,yulara,-25.2406,130.9889,16.82,73,100,8.9,AU,1681519012
261,batemans bay,-35.7167,150.1833,23.04,39,10,2.19,AU,1681519012
262,bathsheba,13.2167,-59.5167,26.34,78,40,6.17,BB,1681518537
263,college,64.8569,-147.8028,3.38,38,40,5.66,US,1681519013
264,innisfail,-17.5333,146.0333,31.21,55,86,2.0,AU,1681519014
265,norman wells,65.282,-126.8329,-9.98,67,100,3.09,CA,1681518573
266,sorong,-0.8833,131.25,28.13,73,100,1.46,ID,1681518656
267,maiduguri,11.8464,13.1603,26.22,13,99,2.2,NG,1681519015
268,camopi,3.1655,-52.3158,23.24,99,100,1.12,GF,1681519015
269,olafsvik,64.8945,-23.7142,4.4,78,10,2.31,IS,1681518586
270,grand gaube,-20.0064,57.6608,25.21,83,100,1.34,MU,1681518656
271,arica,-18.475,-70.3042,22.75,68,0,2.06,CL,1681519017
272,saint-augustin,51.226,-58.6502,2.24,63,6,10.43,CA,1681519017
273,pokhara,28.2333,83.9833,24.34,22,100,2.24,NP,1681519017
274,peniche,39.3558,-9.3811,16.27,88,100,6.7,PT,1681519018
275,aswan,24.0934,32.907,22.39,28,94,4.44,EG,1681519018
276,faanui,-16.4833,-151.75,26.96,75,12,3.16,PF,1681518534
277,ilhabela,-23.7781,-45.3581,22.82,94,100,1.06,BR,1681519019
278,balkhash,46.844,74.9804,15.34,72,20,6.0,KZ,1681519019
279,mayo,38.8876,-76.5119,23.45,84,0,3.6,US,1681518677
280,turkistan,43.0,68.0,17.03,64,100,5.82,KZ,1681519020
281,mokhsogollokh,61.4681,128.9203,-3.18,90,100,1.14,RU,1681519020
282,presidencia roque saenz pena,-26.7852,-60.4388,19.52,71,91,2.14,AR,1681519021
283,boende,-0.2167,20.8667,20.33,93,97,0.56,CD,1681519022
284,son la,21.3167,103.9,25.55,69,71,1.23,VN,1681519022
285,catia la mar,10.6038,-67.0303,27.5,78,28,4.12,VE,1681519022
286,bethanien,-26.502,17.1583,14.81,35,0,0.91,NA,1681519023
287,kaeo,-35.1,173.7833,19.62,84,100,8.87,NZ,1681518588
288,geraldton,-28.7667,114.6,16.23,55,98,5.66,AU,1681518534
289,hualmay,-11.0964,-77.6139,24.36,80,92,5.74,PE,1681518535
290,tautira,-17.7333,-149.15,26.73,65,43,0.88,PF,1681518577
291,lednice,48.7999,16.8034,5.51,96,100,6.43,CZ,1681519025
292,sakaiminato,35.55,133.2333,13.99,94,75,3.09,JP,1681518551
293,eirunepe,-6.6603,-69.8736,24.89,88,69,0.35,BR,1681519025
294,natal,-5.795,-35.2094,25.36,88,20,2.57,BR,1681518873
295,nome,64.5011,-165.4064,-10.96,62,0,3.6,US,1681518996
296,ler,8.3018,30.1418,28.26,47,100,1.97,SS,1681519027
297,qaqortoq,60.7167,-46.0333,1.76,55,100,5.37,GL,1681518593
298,santa branca,-23.3967,-45.8839,20.82,94,20,0.51,BR,1681519028
299,cairns,-16.9167,145.7667,32.84,55,100,1.03,AU,1681518647
300,tonstad,58.6626,6.7169,7.89,96,100,2.72,NO,1681519028
301,acarau,-2.8856,-40.12,25.17,89,88,4.21,BR,1681518897
302,cabo san lucas,22.8909,-109.9124,28.12,58,20,8.75,MX,1681518341
303,savalou,7.9281,1.9756,27.46,71,100,3.33,BJ,1681519029
304,valle de allende,26.9333,-105.4,21.31,22,4,10.38,MX,1681519030
305,makakilo city,21.3469,-158.0858,28.18,54,0,6.17,US,1681518668
306,richards bay,-28.783,32.0377,19.78,55,100,7.7,ZA,1681518575
307,amberley,39.2048,-84.428,21.97,65,0,2.06,US,1681519032
308,katherine,-14.4667,132.2667,27.18,83,100,2.57,AU,1681518655
309,erenhot,43.6475,111.9767,2.36,32,76,1.17,CN,1681518643
310,leningradskiy,69.3833,178.4167,-13.35,80,23,2.72,RU,1681518561
311,fare,-16.7,-151.0167,26.77,74,5,3.48,PF,1681518585
312,salina cruz,16.1667,-95.2,28.28,72,46,5.98,MX,1681519034
313,imbituba,-28.24,-48.6703,21.59,87,100,3.91,BR,1681519035
314,suntar,62.1444,117.6319,-2.19,87,48,3.62,RU,1681518522
315,mount darwin,-16.7725,31.5838,16.39,84,0,0.95,ZW,1681519035
316,sorland,67.667,12.6934,5.92,74,86,6.78,NO,1681518554
317,kutum,14.2,24.6667,22.47,19,6,3.51,SD,1681519037
318,isla vista,34.4133,-119.861,18.24,70,0,4.12,US,1681518592
319,pudozh,61.8099,36.5345,-6.21,93,100,1.69,RU,1681519037
320,berlevag,70.8578,29.0864,-1.0,55,2,4.63,NO,1681518536
321,matara,5.9485,80.5353,25.18,88,68,1.42,LK,1681518596
322,coruripe,-10.1256,-36.1756,25.09,76,59,3.5,BR,1681518903
323,ashtabula,41.7001,-80.7665,24.31,36,0,2.57,US,1681519039
324,mount gambier,-37.8333,140.7667,14.62,92,100,1.96,AU,1681518522
325,puerto pailas,-17.667,-62.7909,19.51,81,100,3.5,BO,1681519040
326,hovd,48.0056,91.6419,6.72,40,100,2.22,MN,1681518527
327,altagracia de orituco,9.8601,-66.3814,22.19,73,81,3.04,VE,1681519040
328,port lincoln,-34.7333,135.8667,16.54,58,94,8.1,AU,1681519040
329,kaputa,-8.4689,29.6619,19.6,91,19,0.84,ZM,1681519041
330,puerto baquerizo moreno,-0.9,-89.6,27.06,75,94,0.57,EC,1681519042
331,brainerd,46.358,-94.2008,15.01,55,20,5.14,US,1681519043
332,colon,9.3592,-79.9014,27.98,67,100,4.24,PA,1681519044
333,shingu,33.7333,135.9833,12.4,99,100,2.66,JP,1681518660
334,limon,10.0,-83.0333,27.94,78,75,3.6,CR,1681518895
335,barra da estiva,-13.6261,-41.3269,19.94,84,58,2.36,BR,1681519045
336,beringovskiy,63.05,179.3167,-12.4,81,24,3.28,RU,1681518572
337,gushikawa,26.3544,127.8686,24.0,90,100,5.66,JP,1681519046
338,sawtell,-30.3833,153.1,23.99,49,20,3.6,AU,1681518521
339,maceio,-9.6658,-35.7353,24.69,88,0,2.57,BR,1681518531
340,noumea,-22.2763,166.4572,27.22,99,100,2.26,NC,1681518326
341,kushalgarh,23.199,74.4507,25.91,32,57,1.38,IN,1681519048
342,khorinsk,52.1657,109.7726,-0.76,49,1,1.61,RU,1681519048
343,elliot lake,46.3834,-82.6331,12.01,78,38,1.38,CA,1681519049
344,conceicao do araguaia,-8.2578,-49.2647,24.72,86,100,1.21,BR,1681519049
345,sakakah,29.9697,40.2064,16.76,38,99,4.65,SA,1681519050
346,acapulco,16.8634,-99.8901,29.9,58,75,2.57,MX,1681518802
347,tignere,7.3667,12.65,20.78,72,95,1.39,CM,1681519051
348,puerto madero,14.7208,-92.4215,31.11,66,40,3.09,MX,1681519051
349,matane,48.8286,-67.522,2.85,76,38,1.79,CA,1681519051
350,rawson,-43.3002,-65.1023,13.18,66,100,6.5,AR,1681518891
351,mirpur sakro,24.5474,67.6277,24.95,82,19,4.07,PK,1681519052
352,parsabad,39.6482,47.9174,10.18,87,40,3.09,IR,1681519053
353,puerto escondido,15.85,-97.0667,30.46,62,40,4.12,MX,1681518987
354,esperantinopolis,-4.8667,-44.7083,24.32,92,100,0.57,BR,1681519054
355,sao joao da barra,-21.6403,-41.0511,23.05,91,59,1.79,BR,1681518595
356,zhuhai,22.2769,113.5678,26.03,88,20,1.54,CN,1681519055
357,los alamos,35.8881,-106.307,12.31,54,11,0.89,US,1681518938
358,talnakh,69.4865,88.3972,-23.65,97,100,3.71,RU,1681518566
359,baruun-urt,46.6806,113.2792,2.08,37,74,2.56,MN,1681519056
360,meulaboh,4.1363,96.1285,24.85,91,100,1.5,ID,1681518645
361,kant,27.8,79.8,26.81,17,0,0.36,IN,1681519056
362,haines junction,60.7522,-137.5108,5.97,36,100,2.57,CA,1681519057
363,coquimbo,-29.9533,-71.3436,15.85,82,0,4.12,CL,1681518669
364,egvekinot,66.3167,-179.1667,-14.58,77,6,0.15,RU,1681518663
365,mao,39.8885,4.2658,16.41,71,95,8.73,ES,1681519058
366,pendleton,45.6721,-118.7886,15.13,38,0,4.63,US,1681519058
367,morondava,-20.2833,44.2833,23.6,88,0,2.69,MG,1681518551
368,diu,20.7141,70.9822,24.18,66,0,4.21,IN,1681518850
369,ambulu,-8.345,113.6058,26.44,82,78,0.89,ID,1681519059
370,stornoway,58.2093,-6.3865,4.4,91,6,1.03,GB,1681519059
371,esso,55.9333,158.7,-1.02,82,100,3.24,RU,1681519060
372,guerrero negro,27.9769,-114.0611,16.34,55,8,8.28,MX,1681518573
373,groningen,53.25,6.75,7.23,85,86,2.57,NL,1681519061
374,vardo,70.3705,31.1107,-3.01,63,1,9.26,NO,1681518533
375,husavik,66.0449,-17.3389,2.16,98,100,1.71,IS,1681519061
376,san quintin,30.4833,-115.95,15.21,64,12,7.7,MX,1681518596
377,tambura,5.6,27.4667,23.15,73,69,0.61,SS,1681519062
378,bonthe,7.5264,-12.505,26.78,87,98,2.5,SL,1681519062
379,sitka,57.0531,-135.33,7.94,53,100,5.66,US,1681518592
380,nantucket,41.2835,-70.0995,14.03,86,0,2.06,US,1681519063
381,lakes entrance,-37.8811,147.981,20.09,51,97,3.36,AU,1681519063
382,barletta,41.3118,16.2908,11.0,61,61,3.69,IT,1681519064
383,atasu,48.6814,71.6433,8.51,80,100,1.78,KZ,1681519065
384,poplar bluff,36.757,-90.3929,22.85,53,0,4.12,US,1681519065
385,magadan,59.5667,150.8,-2.48,77,100,8.83,RU,1681519065
386,te anau,-45.4167,167.7167,16.44,63,2,0.22,NZ,1681518541
387,port hawkesbury,45.6169,-61.3485,2.17,83,0,3.58,CA,1681519066
388,acajutla,13.5928,-89.8275,28.28,74,2,2.38,SV,1681519067
389,marumori,37.9167,140.7667,14.83,64,100,3.09,JP,1681519067
390,berwick,41.0545,-76.2333,24.23,66,100,1.45,US,1681519068
391,ponta delgada,37.7333,-25.6667,17.4,82,75,5.14,PT,1681519069
392,padang,-0.9492,100.3543,23.03,80,27,0.79,ID,1681519069
393,eldorado,-23.7869,-54.2836,23.93,91,40,1.49,BR,1681518598
394,kyra,49.5776,111.9753,1.36,47,14,1.96,RU,1681519070
395,koslan,63.4564,48.8989,-8.99,94,28,2.85,RU,1681519070
396,port hardy,50.6996,-127.4199,11.1,50,100,6.17,CA,1681518561
397,guiratinga,-16.3494,-53.7583,22.77,83,98,1.13,BR,1681519071
398,ornskoldsvik,63.2909,18.7153,-1.47,69,81,2.06,SE,1681519071
399,tevriz,57.509,72.4042,-10.51,59,0,2.22,RU,1681519072
400,taoudenni,22.6783,-3.9836,28.69,8,0,3.54,ML,1681518566
401,solnechnyy,50.7214,136.6319,1.27,48,99,0.91,RU,1681518548
402,staunton,38.1496,-79.0717,19.05,80,0,2.06,US,1681519018
403,dalvik,65.9702,-18.5286,0.96,95,100,0.46,IS,1681518542
404,capitao poco,-1.7464,-47.0594,23.31,96,65,1.8,BR,1681519073
405,tamandare,-8.7597,-35.1047,25.51,82,79,2.71,BR,1681519074
406,coahuayana,18.7333,-103.6833,28.8,38,2,2.84,MX,1681518542
407,timra,62.487,17.3257,1.82,64,42,1.54,SE,1681519075
408,derzhavinsk,51.1,66.3167,-4.93,93,100,11.7,KZ,1681519075
409,gorontalo,0.5412,123.0595,30.09,68,98,1.03,ID,1681519076
410,baiyin,36.5583,104.2081,10.25,33,13,4.6,CN,1681519076
411,sumenep,-7.0167,113.8667,27.96,77,46,1.74,ID,1681519077
412,toora-khem,52.4675,96.11,-0.07,78,100,1.11,RU,1681518648
413,tongren,27.7172,109.1853,19.7,67,100,0.36,CN,1681519077
414,bambanglipuro,-7.95,110.2833,26.52,77,99,1.05,ID,1681519078
415,aloleng,16.1307,119.7824,28.79,69,17,3.52,PH,1681519079
416,korla,41.7597,86.1469,14.67,26,80,1.98,CN,1681519079
417,duluth,46.7833,-92.1066,11.71,74,75,2.06,US,1681518852
418,motygino,58.1831,94.7592,-12.5,82,100,1.72,RU,1681519080
419,mitsamiouli,-11.3847,43.2844,27.14,74,7,2.93,KM,1681519080
420,kristiinankaupunki,62.2743,21.376,-3.28,83,14,4.52,FI,1681519081
421,acara,-1.9608,-48.1967,23.39,98,98,1.07,BR,1681519081
422,meadow lake,34.8014,-106.5436,18.71,14,93,9.91,US,1681519082
423,ukwa,21.9667,80.4667,25.26,38,52,0.82,IN,1681519083
424,sinazongwe,-17.2614,27.4618,22.08,54,0,1.01,ZM,1681519084
425,mamallapuram,12.6264,80.1722,27.25,71,100,4.22,IN,1681519085
426,xai-xai,-25.0519,33.6442,22.67,69,100,9.67,MZ,1681519085
427,chokurdakh,70.6333,147.9167,-9.63,88,100,1.69,RU,1681518567
428,cassilandia,-19.1133,-51.7342,21.8,91,100,0.33,BR,1681519086
429,carutapera,-1.195,-46.02,24.5,94,100,1.75,BR,1681519086
430,aksarka,66.5606,67.7975,-9.08,95,100,2.23,RU,1681519086
431,dawlatabad,36.4141,64.9053,16.42,67,0,0.12,AF,1681519087
432,taft,31.7471,54.2088,11.97,26,0,3.09,IR,1681519088
433,koshurnikovo,54.1667,93.3,-6.89,76,100,2.42,RU,1681519089
434,verkhoyansk,67.5447,133.385,-7.25,92,100,1.5,RU,1681518560
435,vestmanna,62.1564,-7.1664,5.51,93,100,4.12,FO,1681519090
436,ust-omchug,61.15,149.6333,-5.59,78,100,1.64,RU,1681519090
437,gamba,-2.65,10.0,23.79,93,100,5.33,GA,1681519090
438,perdoes,-21.0908,-45.0914,18.84,95,95,0.88,BR,1681519091
439,ca mau,9.1769,105.15,30.13,63,4,2.01,VN,1681518813
440,tahta,26.7693,31.5021,21.55,24,97,2.74,EG,1681518449
441,namibe,-15.1961,12.1522,25.28,73,2,0.88,AO,1681518520
442,kui buri,12.0828,99.8543,31.1,66,100,2.3,TH,1681519092
443,alofi,-19.0595,-169.9187,28.94,61,79,6.17,NU,1681518557
444,daru,-9.0763,143.2092,29.64,68,100,1.28,PG,1681519093
445,moree,-29.4667,149.85,25.05,33,21,4.77,AU,1681518648
446,namatanai,-3.6667,152.4333,26.51,86,100,7.62,PG,1681518642
447,hambantota,6.1241,81.1185,24.19,100,20,1.03,LK,1681519094
448,sacramento,38.4666,-121.3177,22.1,40,0,2.68,US,1681518796
449,pisco,-13.7,-76.2167,24.03,78,0,9.26,PE,1681518560
450,yasu,35.068,136.0233,13.38,96,100,0.45,JP,1681519096
451,waingapu,-9.6567,120.2641,27.73,73,100,2.0,ID,1681519096
452,erseke,40.3378,20.6789,2.68,96,78,1.76,AL,1681519096
453,bubaque,11.2833,-15.8333,24.96,78,18,4.75,GW,1681518537
454,lianzhou,24.7811,112.3825,22.18,69,8,2.67,CN,1681519097
455,puerto el triunfo,13.2833,-88.55,27.86,73,0,2.44,SV,1681519097
456,mwinilunga,-11.7358,24.4293,17.06,96,100,2.09,ZM,1681519097
457,klaksvik,62.2266,-6.589,6.51,84,100,8.07,FO,1681518519
458,foldes,47.3,21.3667,6.11,91,12,1.31,HU,1681519098
459,harper,4.375,-7.7169,27.36,82,100,3.78,LR,1681518585
460,pinillos,8.9193,-74.4677,28.77,70,100,1.57,CO,1681519099
461,mombetsu,44.3525,143.3525,10.01,50,20,2.57,JP,1681519099
462,kandy,7.2955,80.6356,21.22,88,86,1.08,LK,1681519100
463,ustka,54.5805,16.8619,7.03,85,100,6.35,PL,1681519100
464,dovbysh,50.3733,27.9874,6.0,89,100,6.64,UA,1681519101
465,chengde,40.9725,117.9361,9.85,22,0,7.44,CN,1681519101
466,ahipara,-35.1667,173.1667,19.86,73,100,8.29,NZ,1681518516
467,shu,43.5983,73.7614,17.88,60,100,7.88,KZ,1681519102
468,buala,-8.145,159.5921,28.85,74,100,6.23,SB,1681519102
469,nortelandia,-14.4547,-56.8028,23.75,95,99,1.22,BR,1681519103
470,star,43.6921,-116.4935,13.8,33,0,5.66,US,1681519103
471,ustrzyki dolne,49.4304,22.5938,7.77,100,100,1.29,PL,1681519104
472,abnub,27.2696,31.1511,20.27,29,99,2.47,EG,1681519104
473,homer,59.6425,-151.5483,1.94,82,100,3.6,US,1681518810
474,bilibino,68.0546,166.4372,-11.01,63,50,1.32,RU,1681519104
475,poum,-20.2333,164.0167,25.22,78,100,2.28,NC,1681518564
476,jadu,31.953,12.0261,9.75,47,1,2.54,LY,1681519105
477,belaya gora,68.5333,146.4167,-7.71,90,100,3.03,RU,1681519106
478,fort nelson,58.8053,-122.7002,8.77,34,75,3.6,CA,1681518590
479,leh,34.1667,77.5833,-6.01,55,1,0.84,IN,1681519107
480,marovoay,-16.1,46.6333,22.92,95,12,0.98,MG,1681519107
481,lerwick,60.1545,-1.1494,7.0,87,0,7.11,GB,1681519108
482,touros,-5.1989,-35.4608,25.26,87,100,4.78,BR,1681518886
483,hami,42.8,93.45,14.27,21,100,1.1,CN,1681518599
484,ko samui,9.5357,99.9357,28.95,84,21,0.0,TH,1681518514
485,san lawrenz,36.0553,14.204,14.36,81,100,6.3,MT,1681519110
486,panjab,34.388,67.0233,6.77,52,98,0.61,AF,1681519110
487,camacha,33.0833,-16.3333,15.68,67,75,6.17,PT,1681519111
488,pala,9.3642,14.9046,28.72,37,30,0.7,TD,1681519111
489,beroroha,-21.6667,45.1667,21.47,85,0,0.49,MG,1681519111
490,kamenka,51.3223,42.7678,-0.48,58,100,6.56,RU,1681519112
491,puerto madryn,-42.7692,-65.0385,13.25,62,100,5.03,AR,1681519113
492,bozoum,6.3193,16.3799,21.22,87,100,1.91,CF,1681519113
493,xuanwu,32.069,118.8138,17.97,69,35,2.37,CN,1681519114
494,paranaiba,-19.6772,-51.1908,22.7,88,100,0.55,BR,1681519114
495,half moon bay,37.4636,-122.4286,17.17,67,40,10.29,US,1681519020
496,ola,59.5833,151.2833,-2.14,73,100,9.33,RU,1681519115
497,krapivinskiy,54.9992,86.8133,-9.56,74,100,4.78,RU,1681519115
498,coihaique,-45.5752,-72.0662,6.97,76,0,1.54,CL,1681518559
499,adrar,20.5022,-10.0711,27.67,20,0,3.31,MR,1681518676
500,nezhinka,51.7676,55.3694,-3.91,86,100,7.0,RU,1681519116
501,naron,43.5167,-8.1528,13.66,94,100,2.88,ES,1681519117
502,nardaran,40.5561,50.0056,10.8,82,0,3.09,AZ,1681519118
503,shache,38.4167,77.2406,15.96,22,0,3.26,CN,1681519118
504,san ramon,37.7799,-121.978,18.12,58,0,7.2,US,1681519118
505,tromso,69.6496,18.957,2.01,51,0,3.09,NO,1681519119
506,antofagasta,-23.65,-70.4,17.6,81,22,3.36,CL,1681518862
507,stromness,58.965,-3.296,4.98,78,17,1.47,GB,1681519119
508,tura,25.5198,90.2201,25.26,25,100,1.45,IN,1681518565
509,san antonio,29.4241,-98.4936,27.06,65,0,6.17,US,1681519094
510,inhambane,-23.865,35.3833,22.77,90,21,4.88,MZ,1681518548
511,jinchang,38.4953,102.1739,13.0,20,99,3.29,CN,1681519120
512,mitu,1.1983,-70.1733,23.68,95,97,0.31,CO,1681519121
513,urusha,54.05,122.9,1.76,70,51,0.25,RU,1681519121
514,varna,43.2167,27.9167,12.71,82,40,1.03,BG,1681519001
515,dutlwe,-23.9833,23.9,17.15,26,0,4.79,BW,1681519122
516,kadiri,14.1167,78.1667,26.12,27,88,2.27,IN,1681519122
517,flinders,-34.5833,150.8552,23.36,68,24,2.68,AU,1681519123
518,biak,-0.9131,122.8766,27.09,74,99,0.43,ID,1681518570
519,longkou,37.6508,120.3286,10.83,59,37,0.52,CN,1681519123
520,pemangkat,1.1667,108.9667,26.72,70,94,1.21,ID,1681519123
521,zima,53.9202,102.0442,-0.56,78,100,6.53,RU,1681519124
522,salinopolis,-0.6136,-47.3561,25.69,89,85,2.98,BR,1681519124
523,la ronge,55.1001,-105.2842,8.14,36,100,3.6,CA,1681518653
524,botou,38.0667,116.5667,16.64,23,83,3.04,CN,1681519125
525,taos,36.4072,-105.5731,8.78,46,75,12.35,US,1681519125
526,bardiyah,31.7561,25.0865,19.88,34,0,4.5,LY,1681519126
527,proletariy,58.4342,31.7046,2.11,57,100,4.1,RU,1681519126
528,kilindoni,-7.9139,39.6668,27.32,78,50,5.18,TZ,1681519126
529,kipushi,-11.7667,27.2333,15.61,98,100,1.68,CD,1681519127
530,guane,22.2025,-84.0875,24.5,77,100,1.91,CU,1681518654
531,grindavik,63.8424,-22.4338,4.26,87,0,1.03,IS,1681518543
532,pierre,44.3683,-100.351,8.51,59,100,6.69,US,1681518994
533,bako,5.7833,36.5667,17.21,81,59,1.62,ET,1681519128
534,lazaro cardenas,17.9583,-102.2,26.19,55,0,4.06,MX,1681519129
535,kincardine,56.0667,-3.7167,5.65,91,65,1.76,GB,1681519129
536,jizan,17.3333,42.6667,29.52,61,0,1.12,SA,1681519129
537,kikwit,-5.041,18.8162,22.73,87,100,0.46,CD,1681519129
538,bumba,2.1833,22.4667,21.64,97,99,0.33,CD,1681519130
539,winnemucca,40.973,-117.7357,14.03,13,0,5.14,US,1681518676
540,kharovsk,59.9642,40.1912,-6.1,85,4,1.63,RU,1681519130
